# time,freq,temptime,freq,temp
1488065657.22,11060359,28.5
1488065658.23,11060358,28.5
1488065659.23,11060359,28.5
1488065660.22,11060358,28.5
1488065661.21,11060360,28.5
1488065662.21,11060357,28.5
1488065663.22,11060360,28.5
1488065664.22,11060357,28.5
1488065665.21,11060360,28.5
1488065666.21,11060357,28.5
1488065667.22,11060360,28.5
1488065668.21,11060357,28.5
1488065669.23,11060360,28.5
1488065670.22,11060357,28.5
1488065671.22,11060360,28.5
1488065672.22,11060357,28.5
1488065673.23,11060360,28.5
1488065674.22,11060358,28.5
1488065675.22,11060359,28.5
1488065676.23,11060358,28.5
1488065677.23,11060359,28.5
1488065678.23,11060358,28.5
1488065679.22,11060359,28.5
1488065680.21,11060358,28.5
1488065681.22,11060359,28.5
1488065682.22,11060358,28.5
1488065683.21,11060360,28.5
1488065684.23,11060357,28.5
1488065685.22,11060360,28.5
1488065686.22,11060357,28.5
1488065687.23,11060360,28.5
1488065688.21,11060357,28.5
1488065689.22,11060360,28.5
1488065690.22,11060357,28.5
1488065691.23,11060360,28.5
1488065692.23,11060357,28.5
1488065693.22,11060360,28.5
1488065694.22,11060358,28.5
1488065695.23,11060359,28.5
1488065696.23,11060358,28.5
1488065697.20,11060359,28.5
1488065698.21,11060358,28.5
1488065699.21,11060359,28.5
1488065700.22,11060357,28.5
1488065701.22,11060360,28.5
1488065702.21,11060357,28.5
1488065703.21,11060360,28.5
1488065704.22,11060357,28.5
1488065705.21,11060360,28.5
1488065706.23,11060357,28.5
1488065707.22,11060360,28.5
1488065708.22,11060357,28.5
1488065709.22,11060360,28.5
1488065710.23,11060357,28.5
1488065711.22,11060360,28.5
1488065712.22,11060357,28.5
1488065713.21,11060360,28.5
1488065714.21,11060357,28.5
1488065715.22,11060359,28.5
1488065716.22,11060358,28.5
1488065717.21,11060359,28.5
1488065718.21,11060358,28.5
1488065719.22,11060359,28.5
1488065720.22,11060357,28.5
1488065721.23,11060360,28.5
1488065722.22,11060357,28.5
1488065723.22,11060360,28.5
1488065724.22,11060357,28.5
1488065725.23,11060360,28.5
1488065726.22,11060357,28.5
1488065727.22,11060360,28.5
1488065728.23,11060357,28.5
1488065729.23,11060359,28.5
1488065730.22,11060358,28.5
1488065731.22,11060359,28.5
1488065732.23,11060358,28.5
1488065733.22,11060359,28.5
1488065734.22,11060357,28.5
1488065735.22,11060360,28.5
1488065736.23,11060357,28.5
1488065737.23,11060359,28.5
1488065738.22,11060358,28.5
1488065739.23,11060359,28.5
1488065740.21,11060357,28.5
1488065741.22,11060360,28.5
1488065742.22,11060357,28.5
1488065743.23,11060360,28.5
1488065744.22,11060357,28.5
1488065745.22,11060359,28.5
1488065746.22,11060358,28.5
1488065747.23,11060359,28.5
1488065748.23,11060357,28.5
1488065749.22,11060360,28.5
1488065750.23,11060357,28.5
1488065751.23,11060360,28.5
1488065752.23,11060357,28.5
1488065753.21,11060359,28.5
1488065754.21,11060357,28.5
1488065755.22,11060360,28.5
1488065756.22,11060357,28.5
1488065757.22,11060359,28.5
1488065758.21,11060358,28.5
1488065759.22,11060359,28.5
1488065760.22,11060357,28.5
1488065761.23,11060360,28.5
1488065762.23,11060357,28.5
1488065763.22,11060360,28.5
1488065764.22,11060357,28.5
1488065765.23,11060359,28.5
1488065766.21,11060357,28.5
1488065767.24,11060360,28.5
1488065768.22,11060357,28.5
1488065769.23,11060359,28.5
1488065770.23,11060358,28.5
1488065771.20,11060359,28.5
1488065772.21,11060357,28.5
1488065773.21,11060360,28.5
1488065774.22,11060357,28.5
1488065775.22,11060359,28.5
1488065776.23,11060357,28.5
1488065777.21,11060360,28.5
1488065778.22,11060357,28.5
1488065779.22,11060359,28.5
1488065780.23,11060357,28.5
1488065781.22,11060360,28.5
1488065782.22,11060357,28.5
1488065783.22,11060359,28.5
1488065784.23,11060357,28.5
1488065785.23,11060360,28.5
1488065786.22,11060357,28.5
1488065787.23,11060359,28.5
1488065788.23,11060357,28.5
1488065789.23,11060359,28.5
1488065790.22,11060357,28.5
1488065791.23,11060360,28.5
1488065792.23,11060357,28.5
1488065793.24,11060359,28.5
1488065794.21,11060357,28.5
1488065795.21,11060360,28.5
1488065796.22,11060357,28.5
1488065797.22,11060359,28.5
1488065798.23,11060357,28.5
1488065799.21,11060359,28.5
1488065800.22,11060357,28.5
1488065801.22,11060360,28.5
1488065802.23,11060357,28.5
1488065803.23,11060359,28.5
1488065804.23,11060357,28.5
1488065805.22,11060359,28.5
1488065806.23,11060357,28.5
1488065807.23,11060358,28.5
1488065808.20,11060359,28.5
1488065809.21,11060359,28.5
1488065810.21,11060357,28.5
1488065811.22,11060359,28.5
1488065812.22,11060357,28.5
1488065813.21,11060359,28.5
1488065814.21,11060357,28.5
1488065815.22,11060359,28.5
1488065816.22,11060357,28.5
1488065817.21,11060359,28.5
1488065818.22,11060357,28.5
1488065819.22,11060360,28.5
1488065820.22,11060356,28.5
1488065821.23,11060360,28.5
1488065822.22,11060357,28.5
1488065823.22,11060359,28.5
1488065824.23,11060357,28.5
1488065825.23,11060359,28.5
1488065826.23,11060357,28.5
1488065827.22,11060359,28.5
1488065828.21,11060357,28.5
1488065829.21,11060359,28.5
1488065830.22,11060357,28.5
1488065831.22,11060359,28.5
1488065832.23,11060357,28.5
1488065833.23,11060359,28.5
1488065834.24,11060357,28.5
1488065835.22,11060359,28.5
1488065836.21,11060357,28.5
1488065837.22,11060360,28.5
1488065838.22,11060356,28.5
1488065839.23,11060360,28.5
1488065840.21,11060357,28.5
1488065841.22,11060359,28.5
1488065842.22,11060357,28.5
1488065843.23,11060359,28.5
1488065844.22,11060357,28.5
1488065845.22,11060359,28.5
1488065846.22,11060357,28.5
1488065847.23,11060359,28.5
1488065848.23,11060357,28.5
1488065849.24,11060359,28.5
1488065850.21,11060357,28.5
1488065851.23,11060359,28.5
1488065852.22,11060356,28.5
1488065853.22,11060360,28.5
1488065854.23,11060356,28.5
1488065855.22,11060359,28.5
1488065856.22,11060357,28.5
1488065857.22,11060359,28.5
1488065858.23,11060357,28.5
1488065859.22,11060359,28.5
1488065860.22,11060357,28.5
1488065861.22,11060359,28.5
1488065862.23,11060357,28.5
1488065863.22,11060359,28.5
1488065864.22,11060357,28.5
1488065865.23,11060359,28.5
1488065866.23,11060357,28.5
1488065867.23,11060359,28.5
1488065868.22,11060357,28.5
1488065869.21,11060359,28.5
1488065870.22,11060357,28.5
1488065871.22,11060359,28.5
1488065872.22,11060356,28.5
1488065873.21,11060359,28.5
1488065874.22,11060357,28.5
1488065875.22,11060359,28.5
1488065876.23,11060357,28.5
1488065877.23,11060359,28.5
1488065878.22,11060357,28.5
1488065879.22,11060359,28.5
1488065880.23,11060357,28.5
1488065881.23,11060359,28.5
1488065882.20,11060356,28.5
1488065883.21,11060359,28.5
1488065884.21,11060357,28.5
1488065885.22,11060359,28.5
1488065886.21,11060357,28.5
1488065887.23,11060359,28.5
1488065888.21,11060356,28.5
1488065889.22,11060359,28.5
1488065890.22,11060357,28.5
1488065891.23,11060359,28.5
1488065892.23,11060357,28.5
1488065893.22,11060358,28.5
1488065894.22,11060357,28.5
1488065895.23,11060359,28.5
1488065896.23,11060357,28.5
1488065897.22,11060359,28.5
1488065898.22,11060356,28.5
1488065899.23,11060359,28.5
1488065900.23,11060357,28.5
1488065901.22,11060359,28.5
1488065902.23,11060356,28.5
1488065903.23,11060359,28.5
1488065904.23,11060357,28.5
1488065905.24,11060359,28.5
1488065906.24,11060356,28.5
1488065907.22,11060359,28.5
1488065908.22,11060357,28.5
1488065909.22,11060355,28.5
1488065910.23,11060360,28.5
1488065911.22,11060359,28.5
1488065912.22,11060356,28.5
1488065913.23,11060359,28.5
1488065914.21,11060357,28.5
1488065915.22,11060359,28.5
1488065916.22,11060356,28.5
1488065917.23,11060359,28.5
1488065918.23,11060357,28.5
1488065919.22,11060358,28.5
1488065920.22,11060357,28.5
1488065921.23,11060359,28.5
1488065922.23,11060356,28.5
1488065923.24,11060359,28.5
1488065924.24,11060357,28.5
1488065925.21,11060358,28.5
1488065926.22,11060357,28.5
1488065927.22,11060359,28.5
1488065928.23,11060356,28.5
1488065929.22,11060359,28.5
1488065930.22,11060357,28.5
1488065931.22,11060358,28.5
1488065932.23,11060357,28.5
1488065933.22,11060359,28.5
1488065934.22,11060356,28.5
1488065935.23,11060359,28.5
1488065936.23,11060356,28.5
1488065937.23,11060359,28.5
1488065938.24,11060357,28.5
1488065939.21,11060358,28.5
1488065940.21,11060357,28.5
1488065941.22,11060359,28.5
1488065942.22,11060356,28.5
1488065943.21,11060359,28.5
1488065944.22,11060356,28.5
1488065945.22,11060359,28.5
1488065946.22,11060357,28.5
1488065947.23,11060358,28.5
1488065948.23,11060357,28.5
1488065949.22,11060359,28.5
1488065950.23,11060356,28.5
1488065951.23,11060359,28.5
1488065952.23,11060356,28.5
1488065953.22,11060359,28.5
1488065954.23,11060356,28.5
1488065955.23,11060359,28.5
1488065956.24,11060357,28.5
1488065957.22,11060358,28.5
1488065958.23,11060357,28.5
1488065959.23,11060358,28.5
1488065960.22,11060357,28.5
1488065961.23,11060359,28.5
1488065962.23,11060356,28.5
1488065963.23,11060359,28.5
1488065964.24,11060356,28.5
1488065965.23,11060359,28.5
1488065966.23,11060356,28.5
1488065967.22,11060359,28.5
1488065968.22,11060356,28.5
1488065969.23,11060359,28.5
1488065970.23,11060357,28.5
1488065971.22,11060358,28.5
1488065972.23,11060357,28.5
1488065973.23,11060358,28.5
1488065974.23,11060357,28.5
1488065975.22,11060359,28.5
1488065976.23,11060356,28.5
1488065977.23,11060359,28.5
1488065978.24,11060356,28.5
1488065979.24,11060359,28.5
1488065980.24,11060356,28.5
1488065981.22,11060359,28.5
1488065982.22,11060356,28.5
1488065983.23,11060359,28.5
1488065984.23,11060356,28.5
1488065985.23,11060359,28.5
1488065986.22,11060356,28.5
1488065987.23,11060359,28.5
1488065988.21,11060356,28.5
1488065989.23,11060359,28.5
1488065990.22,11060357,28.5
1488065991.23,11060358,28.5
1488065992.23,11060357,28.5
1488065993.22,11060358,28.5
1488065994.22,11060357,28.5
1488065995.23,11060358,28.5
1488065996.23,11060357,28.5
1488065997.22,11060358,28.5
1488065998.23,11060357,28.5
1488065999.23,11060358,28.5
1488066000.23,11060357,28.5
1488066001.24,11060358,29.0
1488066002.21,11060357,28.5
1488066003.22,11060358,29.0
1488066004.22,11060357,28.5
1488066005.22,11060358,29.0
1488066006.23,11060357,28.5
1488066007.22,11060343,29.0
1488066008.22,11060372,28.5
1488066009.23,11060359,29.0
1488066010.23,11060356,29.0
1488066011.23,11060359,29.0
1488066012.22,11060356,28.5
1488066013.23,11060359,29.0
1488066014.23,11060356,29.0
1488066015.24,11060359,29.0
1488066016.22,11060356,29.0
1488066017.23,11060359,29.0
1488066018.23,11060356,29.0
1488066019.24,11060359,29.0
1488066020.23,11060356,29.0
1488066021.23,11060359,29.0
1488066022.23,11060356,29.0
1488066023.24,11060359,29.0
1488066024.23,11060356,29.0
1488066025.23,11060359,29.0
1488066026.22,11060356,29.0
1488066027.22,11060358,29.0
1488066028.23,11060357,29.0
1488066029.23,11060358,29.0
1488066030.24,11060357,29.0
1488066031.24,11060358,29.0
1488066032.23,11060357,29.0
1488066033.23,11060358,29.0
1488066034.22,11060357,29.0
1488066035.23,11060358,29.0
1488066036.23,11060357,29.0
1488066037.23,11060358,29.0
1488066038.22,11060357,29.0
1488066039.23,11060358,29.0
1488066040.23,11060357,29.0
1488066041.24,11060358,29.0
1488066042.24,11060356,29.0
1488066043.23,11060359,29.0
1488066044.23,11060356,29.0
1488066045.22,11060359,29.0
1488066046.23,11060356,29.0
1488066047.23,11060359,29.0
1488066048.22,11060356,29.0
1488066049.24,11060358,29.0
1488066050.23,11060357,29.0
1488066051.23,11060358,29.0
1488066052.24,11060356,29.0
1488066053.24,11060359,29.0
1488066054.23,11060356,29.0
1488066055.23,11060359,29.0
1488066056.24,11060356,29.0
1488066057.24,11060358,29.0
1488066058.25,11060357,29.0
1488066059.22,11060358,29.0
1488066060.22,11060356,29.0
1488066061.23,11060359,29.0
1488066062.23,11060356,29.0
1488066063.22,11060359,29.0
1488066064.22,11060356,29.0
1488066065.23,11060358,29.0
1488066066.23,11060356,29.0
1488066067.24,11060359,29.0
1488066068.24,11060356,29.0
1488066069.23,11060359,29.0
1488066070.23,11060356,29.0
1488066071.22,11060358,29.0
1488066072.23,11060356,29.0
1488066073.23,11060359,29.0
1488066074.24,11060356,29.0
1488066075.24,11060358,29.0
1488066076.23,11060357,29.0
1488066077.23,11060358,29.0
1488066078.24,11060356,29.0
1488066079.24,11060357,29.0
1488066080.23,11060358,29.0
1488066081.22,11060358,29.0
1488066082.24,11060356,29.0
1488066083.23,11060359,29.0
1488066084.23,11060356,29.0
1488066085.23,11060358,29.0
1488066086.24,11060356,29.0
1488066087.23,11060359,29.0
1488066088.23,11060356,29.0
1488066089.24,11060358,29.0
1488066090.22,11060356,29.0
1488066091.23,11060359,29.0
1488066092.23,11060356,29.0
1488066093.24,11060358,29.0
1488066094.24,11060356,29.0
1488066095.21,11060359,29.0
1488066096.22,11060356,29.0
1488066097.22,11060358,29.0
1488066098.23,11060356,29.0
1488066099.23,11060359,29.0
1488066100.22,11060356,29.0
1488066101.22,11060358,29.0
1488066102.23,11060356,29.0
1488066103.23,11060359,29.0
1488066104.24,11060356,29.0
1488066105.24,11060358,29.0
1488066106.23,11060356,29.0
1488066107.23,11060358,29.0
1488066108.24,11060357,29.0
1488066109.24,11060358,29.0
1488066110.21,11060356,29.0
1488066111.22,11060358,29.0
1488066112.22,11060356,29.0
1488066113.23,11060359,29.0
1488066114.23,11060356,29.0
1488066115.24,11060358,29.0
1488066116.23,11060356,29.0
1488066117.23,11060358,29.0
1488066118.22,11060357,29.0
1488066119.22,11060358,29.0
1488066120.23,11060356,29.0
1488066121.23,11060358,29.0
1488066122.24,11060356,29.0
1488066123.22,11060359,29.0
1488066124.23,11060356,29.0
1488066125.23,11060358,29.0
1488066126.24,11060356,29.0
1488066127.24,11060358,29.0
1488066128.23,11060356,29.0
1488066129.23,11060359,29.0
1488066130.24,11060356,29.0
1488066131.24,11060358,29.0
1488066132.25,11060356,29.0
1488066133.25,11060358,29.0
1488066134.22,11060356,29.0
1488066135.23,11060359,29.0
1488066136.23,11060356,29.0
1488066137.22,11060358,29.0
1488066138.22,11060356,29.0
1488066139.23,11060358,29.0
1488066140.23,11060356,29.0
1488066141.24,11060358,29.0
1488066142.22,11060356,29.0
1488066143.23,11060359,29.0
1488066144.23,11060356,29.0
1488066145.24,11060358,29.0
1488066146.24,11060356,29.0
1488066147.23,11060358,29.0
1488066148.24,11060356,29.0
1488066149.24,11060358,29.0
1488066150.24,11060356,29.0
1488066151.22,11060359,29.0
1488066152.22,11060356,29.0
1488066153.22,11060358,29.0
1488066154.23,11060356,29.0
1488066155.22,11060358,29.0
1488066156.22,11060356,29.0
1488066157.23,11060358,29.0
1488066158.23,11060356,29.0
1488066159.23,11060358,29.0
1488066160.24,11060356,29.0
1488066161.23,11060358,29.0
1488066162.23,11060356,29.0
1488066163.24,11060358,29.0
1488066164.24,11060356,29.0
1488066165.24,11060358,29.0
1488066166.25,11060356,29.0
1488066167.24,11060359,29.0
1488066168.24,11060355,29.0
1488066169.25,11060359,29.0
1488066170.22,11060356,29.0
1488066171.24,11060358,29.0
1488066172.24,11060356,29.0
1488066173.25,11060358,29.0
1488066174.24,11060356,29.0
1488066175.24,11060358,29.0
1488066176.23,11060356,29.0
1488066177.23,11060358,29.0
1488066178.24,11060356,29.0
1488066179.23,11060358,29.0
1488066180.23,11060356,29.0
1488066181.23,11060358,29.0
1488066182.24,11060356,29.0
1488066183.24,11060358,29.0
1488066184.23,11060356,29.0
1488066185.24,11060358,29.0
1488066186.22,11060356,29.0
1488066187.23,11060358,29.0
1488066188.23,11060356,29.0
1488066189.22,11060358,29.0
1488066190.22,11060355,29.0
1488066191.23,11060359,29.0
1488066192.23,11060355,29.0
1488066193.22,11060358,29.0
1488066194.23,11060356,29.0
1488066195.23,11060358,29.0
1488066196.23,11060356,29.0
1488066197.22,11060358,29.0
1488066198.23,11060356,29.0
1488066199.23,11060358,29.0
1488066200.24,11060356,29.0
1488066201.24,11060358,29.0
1488066202.23,11060356,29.0
1488066203.23,11060358,29.0
1488066204.24,11060355,29.0
1488066205.24,11060358,29.0
1488066206.25,11060356,29.0
1488066207.22,11060358,29.0
1488066208.22,11060356,29.0
1488066209.23,11060358,29.0
1488066210.23,11060356,29.0
1488066211.24,11060358,29.0
1488066212.24,11060355,29.0
1488066213.23,11060358,29.0
1488066214.23,11060356,29.0
1488066215.24,11060358,29.0
1488066216.23,11060356,29.0
1488066217.23,11060358,29.0
1488066218.23,11060348,29.0
1488066219.24,11060365,29.0
1488066220.23,11060356,29.0
1488066221.23,11060358,29.0
1488066222.22,11060356,29.0
1488066223.22,11060358,29.0
1488066224.23,11060355,29.0
1488066225.23,11060358,29.0
1488066226.24,11060356,29.0
1488066227.22,11060358,29.0
1488066228.23,11060356,29.0
1488066229.23,11060358,29.0
1488066230.22,11060355,29.0
1488066231.23,11060358,29.0
1488066232.23,11060356,29.0
1488066233.23,11060358,29.0
1488066234.24,11060355,29.0
1488066235.23,11060358,29.0
1488066236.23,11060356,29.0
1488066237.24,11060358,29.0
1488066238.24,11060356,29.0
1488066239.24,11060357,29.0
1488066240.23,11060356,29.0
1488066241.24,11060358,29.0
1488066242.23,11060356,29.0
1488066243.23,11060357,29.0
1488066244.23,11060356,29.0
1488066245.24,11060358,29.0
1488066246.24,11060356,29.0
1488066247.23,11060358,29.0
1488066248.24,11060355,29.0
1488066249.24,11060358,29.0
1488066250.23,11060356,29.0
1488066251.23,11060357,29.0
1488066252.24,11060356,29.0
1488066253.24,11060358,29.0
1488066254.23,11060355,29.0
1488066255.23,11060358,29.0
1488066256.24,11060356,29.0
1488066257.23,11060358,29.0
1488066258.23,11060355,29.0
1488066259.24,11060358,29.0
1488066260.24,11060356,29.0
1488066261.24,11060358,29.0
1488066262.23,11060355,29.0
1488066263.25,11060358,29.0
1488066264.22,11060356,29.0
1488066265.23,11060358,29.0
1488066266.23,11060355,29.0
1488066267.24,11060358,29.0
1488066268.23,11060356,29.0
1488066269.23,11060358,29.0
1488066270.23,11060355,29.0
1488066271.24,11060358,29.0
1488066272.24,11060356,29.0
1488066273.23,11060357,29.0
1488066274.24,11060356,29.0
1488066275.24,11060358,29.0
1488066276.24,11060355,29.0
1488066277.23,11060358,29.0
1488066278.24,11060356,29.0
1488066279.24,11060357,29.0
1488066280.25,11060356,29.0
1488066281.23,11060357,29.0
1488066282.22,11060356,29.0
1488066283.23,11060358,29.0
1488066284.23,11060355,29.0
1488066285.24,11060358,29.0
1488066286.24,11060355,29.5
1488066287.24,11060358,29.5
1488066288.25,11060355,29.5
1488066289.24,11060357,29.5
1488066290.22,11060356,29.5
1488066291.23,11060357,29.5
1488066292.23,11060355,29.5
1488066293.24,11060358,29.5
1488066294.24,11060355,29.5
1488066295.25,11060357,29.5
1488066296.23,11060355,29.5
1488066297.24,11060358,29.5
1488066298.24,11060355,29.5
1488066299.23,11060357,29.5
1488066300.24,11060355,29.5
1488066301.24,11060358,29.5
1488066302.24,11060353,29.5
1488066303.25,11060359,29.5
1488066304.22,11060355,29.5
1488066305.23,11060357,29.5
1488066306.23,11060355,29.5
1488066307.23,11060357,29.5
1488066308.24,11060354,29.5
1488066309.23,11060357,29.5
1488066310.23,11060355,29.5
1488066311.24,11060357,29.5
1488066312.24,11060355,29.5
1488066313.23,11060356,29.5
1488066314.23,11060355,29.5
1488066315.24,11060357,29.5
1488066316.24,11060354,29.5
1488066317.23,11060357,29.5
1488066318.23,11060354,30.0
1488066319.24,11060357,30.0
1488066320.24,11060354,30.0
1488066321.25,11060357,30.0
1488066322.25,11060354,30.0
1488066323.24,11060357,30.0
1488066324.24,11060354,30.0
1488066325.25,11060356,30.0
1488066326.25,11060354,30.0
1488066327.22,11060356,30.0
1488066328.23,11060354,30.0
1488066329.23,11060357,30.0
1488066330.24,11060353,30.0
1488066331.23,11060356,30.0
1488066332.23,11060354,30.0
1488066333.23,11060356,30.0
1488066334.24,11060354,30.0
1488066335.24,11060355,30.0
1488066336.25,11060354,30.0
1488066337.25,11060356,30.5
1488066338.24,11060353,30.5
1488066339.24,11060356,30.5
1488066340.25,11060353,30.5
1488066341.22,11060355,30.5
1488066342.23,11060353,30.5
1488066343.23,11060356,30.5
1488066344.23,11060353,30.5
1488066345.24,11060355,30.5
1488066346.24,11060353,30.5
1488066347.23,11060355,30.5
1488066348.23,11060352,30.5
1488066349.24,11060355,30.5
1488066350.23,11060353,30.5
1488066351.25,11060354,31.0
1488066352.24,11060353,31.0
1488066353.24,11060354,31.0
1488066354.24,11060352,31.0
1488066355.23,11060355,31.0
1488066356.24,11060352,31.0
1488066357.24,11060354,31.0
1488066358.23,11060352,31.0
1488066359.23,11060354,31.0
1488066360.24,11060352,31.0
1488066361.24,11060354,31.0
1488066362.25,11060351,31.0
1488066363.25,11060354,31.0
1488066364.24,11060351,31.5
1488066365.23,11060354,31.5
1488066366.23,11060351,31.5
1488066367.24,11060353,31.5
1488066368.24,11060351,31.5
1488066369.23,11060353,31.5
1488066370.23,11060351,31.5
1488066371.24,11060353,31.5
1488066372.24,11060351,31.5
1488066373.23,11060321,31.5
1488066374.25,11060382,31.5
1488066375.24,11060352,31.5
1488066376.24,11060351,32.0
1488066377.23,11060352,32.0
1488066378.24,11060350,32.0
1488066379.24,11060352,32.0
1488066380.24,11060350,32.0
1488066381.23,11060352,32.0
1488066382.24,11060350,32.0
1488066383.23,11060351,32.0
1488066384.23,11060350,32.0
1488066385.23,11060351,32.0
1488066386.24,11060349,32.0
1488066387.23,11060352,32.5
1488066388.23,11060348,32.5
1488066389.24,11060349,32.5
1488066390.24,11060351,32.5
1488066391.24,11060351,32.5
1488066392.25,11060349,32.5
1488066393.25,11060350,32.5
1488066394.24,11060348,32.5
1488066395.25,11060351,32.5
1488066396.23,11060348,32.5
1488066397.24,11060350,32.5
1488066398.24,11060347,33.0
1488066399.25,11060350,33.0
1488066400.25,11060348,33.0
1488066401.24,11060349,33.0
1488066402.23,11060347,33.0
1488066403.23,11060350,33.0
1488066404.24,11060347,33.0
1488066405.24,11060349,33.0
1488066406.25,11060346,33.0
1488066407.23,11060349,33.0
1488066408.24,11060347,33.5
1488066409.24,11060348,33.5
1488066410.25,11060347,33.5
1488066411.23,11060348,33.5
1488066412.24,11060346,33.5
1488066413.24,11060348,33.5
1488066414.25,11060346,33.5
1488066415.25,11060347,33.5
1488066416.22,11060346,33.5
1488066417.23,11060347,34.0
1488066418.23,11060345,34.0
1488066419.24,11060348,34.0
1488066420.24,11060345,34.0
1488066421.25,11060347,34.0
1488066422.25,11060344,34.0
1488066423.24,11060347,34.0
1488066424.24,11060344,34.0
1488066425.23,11060347,34.0
1488066426.24,11060344,34.5
1488066427.24,11060346,34.5
1488066428.24,11060336,34.5
1488066429.25,11060353,34.5
1488066430.24,11060344,34.5
1488066431.24,11060345,34.5
1488066432.25,11060344,34.5
1488066433.25,11060345,34.5
1488066434.24,11060343,34.5
1488066435.24,11060345,34.5
1488066436.25,11060342,35.0
1488066437.25,11060345,35.0
1488066438.22,11060342,35.0
1488066439.23,11060345,35.0
1488066440.23,11060342,35.0
1488066441.24,11060344,35.0
1488066442.24,11060342,35.0
1488066443.23,11060344,35.0
1488066444.25,11060341,35.0
1488066445.24,11060344,35.5
1488066446.24,11060341,35.5
1488066447.25,11060343,35.5
1488066448.25,11060341,35.5
1488066449.24,11060343,35.5
1488066450.24,11060340,35.5
1488066451.25,11060343,35.5
1488066452.25,11060340,35.5
1488066453.22,11060343,35.5
1488066454.23,11060340,36.0
1488066455.23,11060342,36.0
1488066456.25,11060339,36.0
1488066457.26,11060342,36.0
1488066458.23,11060339,36.0
1488066459.23,11060342,36.0
1488066460.24,11060339,36.0
1488066461.24,11060341,36.0
1488066462.23,11060339,36.0
1488066463.23,11060337,36.5
1488066464.24,11060342,36.5
1488066465.24,11060340,36.5
1488066466.25,11060338,36.5
1488066467.25,11060341,36.5
1488066468.24,11060337,36.5
1488066469.24,11060340,36.5
1488066470.25,11060338,36.5
1488066471.24,11060339,36.5
1488066472.24,11060338,37.0
1488066473.25,11060339,37.0
1488066474.25,11060337,37.0
1488066475.22,11060339,37.0
1488066476.23,11060336,37.0
1488066477.23,11060339,37.0
1488066478.24,11060336,37.0
1488066479.24,11060338,37.0
1488066480.24,11060336,37.0
1488066481.25,11060339,37.5
1488066482.24,11060335,37.5
1488066483.24,11060338,37.5
1488066484.25,11060335,37.5
1488066485.25,11060338,37.5
1488066486.24,11060335,37.5
1488066487.24,11060337,37.5
1488066488.25,11060335,37.5
1488066489.25,11060336,38.0
1488066490.24,11060335,38.0
1488066491.23,11060336,38.0
1488066492.23,11060334,38.0
1488066493.24,11060336,38.0
1488066494.24,11060334,38.0
1488066495.23,11060336,38.0
1488066496.23,11060334,38.0
1488066497.24,11060335,38.0
1488066498.24,11060333,38.5
1488066499.23,11060335,38.5
1488066500.23,11060333,38.5
1488066501.24,11060335,38.5
1488066502.24,11060332,38.5
1488066503.23,11060335,38.5
1488066504.24,11060332,38.5
1488066505.24,11060334,38.5
1488066506.24,11060332,38.5
1488066507.25,11060334,39.0
1488066508.25,11060332,39.0
1488066509.24,11060333,39.0
1488066510.23,11060332,39.0
1488066511.23,11060333,39.0
1488066512.24,11060331,39.0
1488066513.24,11060333,39.0
1488066514.23,11060330,39.0
1488066515.23,11060333,39.0
1488066516.24,11060330,39.5
1488066517.24,11060333,39.5
1488066518.25,11060329,39.5
1488066519.24,11060333,39.5
1488066520.24,11060329,39.5
1488066521.24,11060332,39.5
1488066522.23,11060329,39.5
1488066523.24,11060332,39.5
1488066524.24,11060329,39.5
1488066525.25,11060331,40.0
1488066526.25,11060328,40.0
1488066527.25,11060331,40.0
1488066528.24,11060329,40.0
1488066529.25,11060330,40.0
1488066530.24,11060328,40.0
1488066531.24,11060331,40.0
1488066532.24,11060327,40.0
1488066533.25,11060330,40.0
1488066534.24,11060328,40.5
1488066535.24,11060329,40.5
1488066536.23,11060328,40.5
1488066537.25,11060329,40.5
1488066538.24,11060327,40.5
1488066539.24,11060329,40.5
1488066540.23,11060327,40.5
1488066541.23,11060328,40.5
1488066542.26,11060327,40.5
1488066543.24,11060328,41.0
1488066544.25,11060326,41.0
1488066545.25,11060328,41.0
1488066546.24,11060326,41.0
1488066547.24,11060328,41.0
1488066548.23,11060325,41.0
1488066549.24,11060328,41.0
1488066550.26,11060325,41.0
1488066551.23,11060327,41.0
1488066552.23,11060325,41.5
1488066553.24,11060327,41.5
1488066554.23,11060324,41.5
1488066555.23,11060327,41.5
1488066556.24,11060324,41.5
1488066557.24,11060327,41.5
1488066558.24,11060324,41.5
1488066559.25,11060326,41.5
1488066560.24,11060323,41.5
1488066561.24,11060326,42.0
1488066562.24,11060324,42.0
1488066563.25,11060325,42.0
1488066564.24,11060323,42.0
1488066565.24,11060325,42.0
1488066566.25,11060323,42.0
1488066567.25,11060325,42.0
1488066568.24,11060322,42.0
1488066569.24,11060325,42.0
1488066570.25,11060322,42.5
1488066571.24,11060325,42.5
1488066572.24,11060322,42.5
1488066573.24,11060324,42.5
1488066574.23,11060321,42.5
1488066575.24,11060324,42.5
1488066576.24,11060321,42.5
1488066577.25,11060324,42.5
1488066578.23,11060321,42.5
1488066579.24,11060323,43.0
1488066580.24,11060321,43.0
1488066581.25,11060323,43.0
1488066582.24,11060320,43.0
1488066583.24,11060323,43.0
1488066584.24,11060320,43.0
1488066585.25,11060322,43.0
1488066586.25,11060320,43.0
1488066587.24,11060322,43.0
1488066588.25,11060320,43.5
1488066589.25,11060322,43.5
1488066590.24,11060319,43.5
1488066591.24,11060322,43.5
1488066592.23,11060319,43.5
1488066593.23,11060321,43.5
1488066594.24,11060319,43.5
1488066595.24,11060321,43.5
1488066596.23,11060318,43.5
1488066597.24,11060321,43.5
1488066598.24,11060318,44.0
1488066599.24,11060321,44.0
1488066600.25,11060318,44.0
1488066601.25,11060320,44.0
1488066602.24,11060317,44.0
1488066603.25,11060320,44.0
1488066604.25,11060318,44.0
1488066605.24,11060319,44.0
1488066606.24,11060317,44.0
1488066607.25,11060320,44.5
1488066608.24,11060317,44.5
1488066609.24,11060319,44.5
1488066610.24,11060316,44.5
1488066611.23,11060319,44.5
1488066612.24,11060316,44.5
1488066613.24,11060319,44.5
1488066614.23,11060316,44.5
1488066615.23,11060318,44.5
1488066616.24,11060316,44.5
1488066617.24,11060318,45.0
1488066618.25,11060316,45.0
1488066619.25,11060317,45.0
1488066620.24,11060316,45.0
1488066621.24,11060317,45.0
1488066622.25,11060315,45.0
1488066623.25,11060317,45.0
1488066624.24,11060315,45.0
1488066625.25,11060317,45.0
1488066626.25,11060315,45.0
1488066627.24,11060316,45.5
1488066628.24,11060315,45.5
1488066629.25,11060316,45.5
1488066630.23,11060314,45.5
1488066631.24,11060316,45.5
1488066632.24,11060314,45.5
1488066633.26,11060316,45.5
1488066634.24,11060314,45.5
1488066635.24,11060315,45.5
1488066636.24,11060314,46.0
1488066637.25,11060315,46.0
1488066638.25,11060313,46.0
1488066639.24,11060315,46.0
1488066640.25,11060313,46.0
1488066641.25,11060315,46.0
1488066642.25,11060313,46.0
1488066643.23,11060314,46.0
1488066644.25,11060313,46.0
1488066645.25,11060314,46.0
1488066646.26,11060312,46.5
1488066647.23,11060314,46.5
1488066648.25,11060312,46.5
1488066649.25,11060314,46.5
1488066650.24,11060312,46.5
1488066651.25,11060313,46.5
1488066652.23,11060312,46.5
1488066653.24,11060313,46.5
1488066654.24,11060311,46.5
1488066655.25,11060313,47.0
1488066656.25,11060311,47.0
1488066657.24,11060313,47.0
1488066658.24,11060311,47.0
1488066659.25,11060313,47.0
1488066660.25,11060310,47.0
1488066661.26,11060313,47.0
1488066662.24,11060310,47.0
1488066663.23,11060312,47.0
1488066664.24,11060310,47.0
1488066665.26,11060312,47.5
1488066666.26,11060310,47.5
1488066667.23,11060312,47.5
1488066668.25,11060309,47.5
1488066669.24,11060312,47.5
1488066670.25,11060309,47.5
1488066671.24,11060312,47.5
1488066672.24,11060309,47.5
1488066673.24,11060311,47.5
1488066674.25,11060309,47.5
1488066675.25,11060311,48.0
1488066676.24,11060308,48.0
1488066677.25,11060311,48.0
1488066678.25,11060308,48.0
1488066679.25,11060311,48.0
1488066680.24,11060308,48.0
1488066681.25,11060307,48.0
1488066682.24,11060304,48.0
1488066683.24,11060318,48.0
1488066684.26,11060307,48.0
1488066685.26,11060310,48.5
1488066686.24,11060308,48.5
1488066687.26,11060310,48.5
1488066688.26,11060307,48.5
1488066689.25,11060310,48.5
1488066690.24,11060307,48.5
1488066691.24,11060309,48.5
1488066692.25,11060307,48.5
1488066693.25,11060309,48.5
1488066694.26,11060307,48.5
1488066695.24,11060309,49.0
1488066696.25,11060307,49.0
1488066697.25,11060308,49.0
1488066698.26,11060307,49.0
1488066699.24,11060308,49.0
1488066700.25,11060307,49.0
1488066701.24,11060308,49.0
1488066702.24,11060306,49.0
1488066703.26,11060308,49.0
1488066704.23,11060306,49.0
1488066705.24,11060308,49.0
1488066706.26,11060306,49.5
1488066707.25,11060308,49.5
1488066708.25,11060305,49.5
1488066709.24,11060308,49.5
1488066710.24,11060305,49.5
1488066711.25,11060307,49.5
1488066712.25,11060305,49.5
1488066713.26,11060308,49.5
1488066714.24,11060305,49.5
1488066715.25,11060307,49.5
1488066716.25,11060304,50.0
1488066717.26,11060307,50.0
1488066718.26,11060305,50.0
1488066719.25,11060307,50.0
1488066720.25,11060304,50.0
1488066721.23,11060307,50.0
1488066722.25,11060304,50.0
1488066723.25,11060307,50.0
1488066724.24,11060304,50.0
1488066725.24,11060306,50.0
1488066726.26,11060304,50.5
1488066727.25,11060306,50.5
1488066728.26,11060304,50.5
1488066729.25,11060306,50.5
1488066730.25,11060304,50.5
1488066731.24,11060306,50.5
1488066732.26,11060304,50.5
1488066733.25,11060305,50.5
1488066734.25,11060304,50.5
1488066735.26,11060306,50.5
1488066736.26,11060303,50.5
1488066737.25,11060306,51.0
1488066738.25,11060303,51.0
1488066739.26,11060305,51.0
1488066740.26,11060303,51.0
1488066741.25,11060306,51.0
1488066742.24,11060299,51.0
1488066743.24,11060309,51.0
1488066744.26,11060302,51.0
1488066745.23,11060305,51.0
1488066746.24,11060303,51.0
1488066747.24,11060305,51.0
1488066748.25,11060303,51.5
1488066749.25,11060304,51.5
1488066750.24,11060303,51.5
1488066751.24,11060304,51.5
1488066752.25,11060303,51.5
1488066753.25,11060304,51.5
1488066754.24,11060302,51.5
1488066755.25,11060305,51.5
1488066756.25,11060302,51.5
1488066757.25,11060304,51.5
1488066758.26,11060302,52.0
1488066759.25,11060304,52.0
1488066760.25,11060302,52.0
1488066761.24,11060304,52.0
1488066762.26,11060301,52.0
1488066763.26,11060304,52.0
1488066764.24,11060302,52.0
1488066765.24,11060303,52.0
1488066766.24,11060302,52.0
1488066767.25,11060303,52.0
1488066768.24,11060302,52.0
1488066769.24,11060303,52.5
1488066770.25,11060302,52.5
1488066771.25,11060303,52.5
1488066772.25,11060301,52.5
1488066773.24,11060304,52.5
1488066774.25,11060301,52.5
1488066775.25,11060303,52.5
1488066776.26,11060301,52.5
1488066777.24,11060303,52.5
1488066778.23,11060301,52.5
1488066779.25,11060303,52.5
1488066780.26,11060300,53.0
1488066781.25,11060303,53.0
1488066782.25,11060301,53.0
1488066783.24,11060302,53.0
1488066784.24,11060301,53.0
1488066785.25,11060302,53.0
1488066786.24,11060301,53.0
1488066787.24,11060302,53.0
1488066788.24,11060300,53.0
1488066789.25,11060303,53.0
1488066790.25,11060300,53.0
1488066791.24,11060303,53.0
1488066792.24,11060300,53.5
1488066793.25,11060302,53.5
1488066794.25,11060300,53.5
1488066795.26,11060302,53.5
1488066796.23,11060300,53.5
1488066797.25,11060302,53.5
1488066798.25,11060300,53.5
1488066799.24,11060302,53.5
1488066800.25,11060300,53.5
1488066801.24,11060302,53.5
1488066802.24,11060299,54.0
1488066803.26,11060302,54.0
1488066804.25,11060300,54.0
1488066805.25,11060302,54.0
1488066806.24,11060299,54.0
1488066807.25,11060302,54.0
1488066808.25,11060299,54.0
1488066809.25,11060302,54.0
1488066810.26,11060299,54.0
1488066811.25,11060302,54.0
1488066812.25,11060299,54.0
1488066813.26,11060301,54.0
1488066814.26,11060300,54.5
1488066815.25,11060301,54.5
1488066816.25,11060299,54.5
1488066817.24,11060301,54.5
1488066818.26,11060299,54.5
1488066819.23,11060302,54.5
1488066820.25,11060299,54.5
1488066821.24,11060301,54.5
1488066822.25,11060299,54.5
1488066823.23,11060301,54.5
1488066824.25,11060299,54.5
1488066825.24,11060301,55.0
1488066826.25,11060299,55.0
1488066827.25,11060301,55.0
1488066828.24,11060298,55.0
1488066829.26,11060301,55.0
1488066830.25,11060299,55.0
1488066831.25,11060301,55.0
1488066832.26,11060298,55.0
1488066833.26,11060301,55.0
1488066834.25,11060299,55.0
1488066835.25,11060300,55.0
1488066836.24,11060299,55.0
1488066837.26,11060300,55.5
1488066838.24,11060299,55.5
1488066839.24,11060300,55.5
1488066840.26,11060299,55.5
1488066841.25,11060300,55.5
1488066842.25,11060298,55.5
1488066843.27,11060301,55.5
1488066844.24,11060298,55.5
1488066845.25,11060300,55.5
1488066846.25,11060298,55.5
1488066847.26,11060301,55.5
1488066848.25,11060298,56.0
1488066849.25,11060300,56.0
1488066850.25,11060298,56.0
1488066851.24,11060300,56.0
1488066852.26,11060298,56.0
1488066853.25,11060300,56.0
1488066854.26,11060298,56.0
1488066855.26,11060300,56.0
1488066856.25,11060298,56.0
1488066857.24,11060300,56.0
1488066858.24,11060298,56.0
1488066859.26,11060300,56.0
1488066860.25,11060298,56.5
1488066861.25,11060299,56.5
1488066862.26,11060298,56.5
1488066863.25,11060300,56.5
1488066864.25,11060298,56.5
1488066865.26,11060300,56.5
1488066866.24,11060297,56.5
1488066867.25,11060300,56.5
1488066868.25,11060298,56.5
1488066869.26,11060299,56.5
1488066870.25,11060298,56.5
1488066871.25,11060299,56.5
1488066872.25,11060298,57.0
1488066873.26,11060299,57.0
1488066874.25,11060298,57.0
1488066875.27,11060299,57.0
1488066876.24,11060298,57.0
1488066877.26,11060299,57.0
1488066878.25,11060298,57.0
1488066879.25,11060299,57.0
1488066880.24,11060297,57.0
1488066881.24,11060300,57.0
1488066882.25,11060297,57.0
1488066883.25,11060299,57.0
1488066884.24,11060297,57.5
1488066885.25,11060300,57.5
1488066886.25,11060297,57.5
1488066887.25,11060299,57.5
1488066888.26,11060297,57.5
1488066889.26,11060299,57.5
1488066890.24,11060297,57.5
1488066891.26,11060300,57.5
1488066892.26,11060297,57.5
1488066893.25,11060299,57.5
1488066894.24,11060297,57.5
1488066895.24,11060299,57.5
1488066896.26,11060297,57.5
1488066897.25,11060299,58.0
1488066898.24,11060297,58.0
1488066899.24,11060299,58.0
1488066900.25,11060297,58.0
1488066901.25,11060299,58.0
1488066902.24,11060296,58.0
1488066903.26,11060299,58.0
1488066904.25,11060297,58.0
1488066905.25,11060299,58.0
1488066906.26,11060297,58.0
1488066907.26,11060298,58.0
1488066908.25,11060297,58.0
1488066909.25,11060299,58.5
1488066910.24,11060297,58.5
1488066911.26,11060298,58.5
1488066912.23,11060297,58.5
1488066913.25,11060299,58.5
1488066914.24,11060296,58.5
1488066915.25,11060299,58.5
1488066916.24,11060297,58.5
1488066917.24,11060298,58.5
1488066918.26,11060297,58.5
1488066919.25,11060295,58.5
1488066920.25,11060300,58.5
1488066921.26,11060299,58.5
1488066922.24,11060296,59.0
1488066923.25,11060299,59.0
1488066924.25,11060296,59.0
1488066925.26,11060299,59.0
1488066926.25,11060296,59.0
1488066927.25,11060299,59.0
1488066928.26,11060296,59.0
1488066929.26,11060299,59.0
1488066930.23,11060296,59.0
1488066931.25,11060299,59.0
1488066932.26,11060296,59.0
1488066933.24,11060298,59.0
1488066934.26,11060297,59.5
1488066935.25,11060298,59.5
1488066936.26,11060297,59.5
1488066937.25,11060298,59.5
1488066938.25,11060296,59.5
1488066939.25,11060299,59.5
1488066940.26,11060296,59.5
1488066941.25,11060299,59.5
1488066942.25,11060296,59.5
1488066943.26,11060298,59.5
1488066944.26,11060297,59.5
1488066945.25,11060298,59.5
1488066946.25,11060296,59.5
1488066947.26,11060299,60.0
1488066948.25,11060296,60.0
1488066949.27,11060299,60.0
1488066950.25,11060296,60.0
1488066951.26,11060298,60.0
1488066952.25,11060295,60.0
1488066953.27,11060300,60.0
1488066954.24,11060296,60.0
1488066955.26,11060299,60.0
1488066956.25,11060296,60.0
1488066957.25,11060298,60.0
1488066958.26,11060296,60.0
1488066959.24,11060299,60.5
1488066960.25,11060296,60.5
1488066961.25,11060298,60.5
1488066962.26,11060296,60.5
1488066963.25,11060299,60.5
1488066964.25,11060296,60.5
1488066965.25,11060298,60.5
1488066966.26,11060297,60.5
1488066967.26,11060298,60.5
1488066968.25,11060296,60.5
1488066969.26,11060299,60.5
1488066970.26,11060296,60.5
1488066971.25,11060299,60.5
1488066972.27,11060296,60.5
1488066973.24,11060299,61.0
1488066974.26,11060297,61.0
1488066975.25,11060299,61.0
1488066976.25,11060296,61.0
1488066977.24,11060299,61.0
1488066978.25,11060297,61.0
1488066979.25,11060299,61.0
1488066980.26,11060297,61.0
1488066981.26,11060299,61.0
1488066982.26,11060296,61.0
1488066983.25,11060299,61.0
1488066984.26,11060297,61.0
1488066985.26,11060299,61.0
1488066986.26,11060297,61.5
1488066987.25,11060299,61.5
1488066988.26,11060297,61.5
1488066989.26,11060299,61.5
1488066990.25,11060297,61.5
1488066991.27,11060299,61.5
1488066992.24,11060296,61.5
1488066993.26,11060299,61.5
1488066994.25,11060297,61.5
1488066995.24,11060299,61.5
1488066996.26,11060297,61.5
1488066997.25,11060299,61.5
1488066998.25,11060297,61.5
1488066999.26,11060299,61.5
1488067000.26,11060297,62.0
1488067001.25,11060299,62.0
1488067002.25,11060297,62.0
1488067003.26,11060299,62.0
1488067004.26,11060297,62.0
1488067005.25,11060299,62.0
1488067006.25,11060297,62.0
1488067007.26,11060299,62.0
1488067008.26,11060297,62.0
1488067009.25,11060299,62.0
1488067010.24,11060297,62.0
1488067011.26,11060300,62.0
1488067012.26,11060297,62.0
1488067013.25,11060299,62.5
1488067014.24,11060297,62.5
1488067015.25,11060299,62.5
1488067016.25,11060297,62.5
1488067017.25,11060299,62.5
1488067018.24,11060297,62.5
1488067019.26,11060300,62.5
1488067020.25,11060297,62.5
1488067021.26,11060299,62.5
1488067022.26,11060297,62.5
1488067023.26,11060300,62.5
1488067024.25,11060297,62.5
1488067025.26,11060299,62.5
1488067026.26,11060297,62.5
1488067027.27,11060300,63.0
1488067028.25,11060297,63.0
1488067029.24,11060300,63.0
1488067030.26,11060297,63.0
1488067031.25,11060299,63.0
1488067032.25,11060297,63.0
1488067033.24,11060300,63.0
1488067034.25,11060297,63.0
1488067035.25,11060300,63.0
1488067036.24,11060297,63.0
1488067037.26,11060300,63.0
1488067038.25,11060297,63.0
1488067039.25,11060300,63.0
1488067040.26,11060297,63.0
1488067041.26,11060300,63.5
1488067042.25,11060297,63.5
1488067043.25,11060300,63.5
1488067044.26,11060298,63.5
1488067045.26,11060299,63.5
1488067046.25,11060298,63.5
1488067047.26,11060300,63.5
1488067048.24,11060297,63.5
1488067049.26,11060300,63.5
1488067050.25,11060298,63.5
1488067051.26,11060300,63.5
1488067052.26,11060298,63.5
1488067053.27,11060300,63.5
1488067054.25,11060297,63.5
1488067055.26,11060300,64.0
1488067056.26,11060298,64.0
1488067057.25,11060300,64.0
1488067058.26,11060298,64.0
1488067059.26,11060300,64.0
1488067060.26,11060298,64.0
1488067061.25,11060301,64.0
1488067062.26,11060298,64.0
1488067063.26,11060300,64.0
1488067064.27,11060298,64.0
1488067065.25,11060300,64.0
1488067066.24,11060298,64.0
1488067067.26,11060301,64.0
1488067068.27,11060298,64.0
1488067069.25,11060300,64.5
1488067070.24,11060298,64.5
1488067071.25,11060301,64.5
1488067072.27,11060298,64.5
1488067073.24,11060301,64.5
1488067074.24,11060298,64.5
1488067075.27,11060301,64.5
1488067076.25,11060298,64.5
1488067077.26,11060301,64.5
1488067078.26,11060298,64.5
1488067079.25,11060301,64.5
1488067080.25,11060299,64.5
1488067081.26,11060300,64.5
1488067082.26,11060299,64.5
1488067083.27,11060301,64.5
1488067084.27,11060298,65.0
1488067085.26,11060301,65.0
1488067086.26,11060299,65.0
1488067087.27,11060301,65.0
1488067088.26,11060299,65.0
1488067089.25,11060301,65.0
1488067090.25,11060299,65.0
1488067091.25,11060301,65.0
1488067092.26,11060298,65.0
1488067093.26,11060302,65.0
1488067094.25,11060298,65.0
1488067095.26,11060302,65.0
1488067096.26,11060299,65.0
1488067097.26,11060301,65.0
1488067098.27,11060299,65.0
1488067099.26,11060301,65.5
1488067100.26,11060299,65.5
1488067101.27,11060302,65.5
1488067102.25,11060299,65.5
1488067103.26,11060301,65.5
1488067104.26,11060299,65.5
1488067105.27,11060302,65.5
1488067106.26,11060299,65.5
1488067107.24,11060302,65.5
1488067108.25,11060299,65.5
1488067109.27,11060301,65.5
1488067110.26,11060300,65.5
1488067111.24,11060300,65.5
1488067112.25,11060301,65.5
1488067113.25,11060302,65.5
1488067114.26,11060299,66.0
1488067115.26,11060302,66.0
1488067116.25,11060299,66.0
1488067117.25,11060302,66.0
1488067118.26,11060300,66.0
1488067119.26,11060302,66.0
1488067120.25,11060299,66.0
1488067121.26,11060302,66.0
1488067122.26,11060300,66.0
1488067123.26,11060302,66.0
1488067124.25,11060300,66.0
1488067125.24,11060302,66.0
1488067126.26,11060300,66.0
1488067127.27,11060302,66.0
1488067128.25,11060300,66.0
1488067129.27,11060302,66.5
1488067130.25,11060300,66.5
1488067131.25,11060303,66.5
1488067132.26,11060300,66.5
1488067133.26,11060302,66.5
1488067134.26,11060300,66.5
1488067135.25,11060303,66.5
1488067136.26,11060300,66.5
1488067137.26,11060303,66.5
1488067138.27,11060300,66.5
1488067139.27,11060301,66.5
1488067140.26,11060302,66.5
1488067141.25,11060303,66.5
1488067142.27,11060300,66.5
1488067143.27,11060303,66.5
1488067144.27,11060301,66.5
1488067145.25,11060302,67.0
1488067146.27,11060301,67.0
1488067147.26,11060303,67.0
1488067148.24,11060301,67.0
1488067149.25,11060303,67.0
1488067150.25,11060301,67.0
1488067151.26,11060303,67.0
1488067152.25,11060301,67.0
1488067153.25,11060303,67.0
1488067154.25,11060301,67.0
1488067155.26,11060303,67.0
1488067156.26,11060301,67.0
1488067157.27,11060304,67.0
1488067158.26,11060301,67.0
1488067159.26,11060303,67.0
1488067160.26,11060302,67.0
1488067161.27,11060303,67.5
1488067162.27,11060302,67.5
1488067163.26,11060303,67.5
1488067164.25,11060302,67.5
1488067165.27,11060304,67.5
1488067166.26,11060301,67.5
1488067167.26,11060304,67.5
1488067168.25,11060302,67.5
1488067169.27,11060304,67.5
1488067170.26,11060301,67.5
1488067171.26,11060304,67.5
1488067172.25,11060302,67.5
1488067173.26,11060304,67.5
1488067174.26,11060302,67.5
1488067175.26,11060305,67.5
1488067176.27,11060302,68.0
1488067177.26,11060304,68.0
1488067178.26,11060302,68.0
1488067179.27,11060304,68.0
1488067180.25,11060303,68.0
1488067181.26,11060304,68.0
1488067182.25,11060303,68.0
1488067183.27,11060304,68.0
1488067184.26,11060303,68.0
1488067185.26,11060304,68.0
1488067186.25,11060303,68.0
1488067187.27,11060305,68.0
1488067188.26,11060302,68.0
1488067189.26,11060305,68.0
1488067190.27,11060303,68.0
1488067191.25,11060305,68.0
1488067192.26,11060303,68.0
1488067193.26,11060305,68.5
1488067194.27,11060303,68.5
1488067195.25,11060305,68.5
1488067196.26,11060303,68.5
1488067197.26,11060305,68.5
1488067198.25,11060303,68.5
1488067199.27,11060306,68.5
1488067200.26,11060303,68.5
1488067201.27,11060306,68.5
1488067202.25,11060303,68.5
1488067203.24,11060306,68.5
1488067204.26,11060303,68.5
1488067205.25,11060306,68.5
1488067206.25,11060304,68.5
1488067207.26,11060305,68.5
1488067208.26,11060304,68.5
1488067209.25,11060306,68.5
1488067210.26,11060304,69.0
1488067211.26,11060306,69.0
1488067212.26,11060304,69.0
1488067213.25,11060306,69.0
1488067214.26,11060304,69.0
1488067215.26,11060307,69.0
1488067216.27,11060304,69.0
1488067217.25,11060306,69.0
1488067218.26,11060305,69.0
1488067219.26,11060306,69.0
1488067220.27,11060305,69.0
1488067221.26,11060307,69.0
1488067222.28,11060304,69.0
1488067223.26,11060307,69.0
1488067224.25,11060305,69.0
1488067225.26,11060307,69.0
1488067226.26,11060304,69.0
1488067227.27,11060308,69.5
1488067228.25,11060304,69.5
1488067229.26,11060308,69.5
1488067230.26,11060305,69.5
1488067231.27,11060307,69.5
1488067232.27,11060305,69.5
1488067233.26,11060308,69.5
1488067234.26,11060305,69.5
1488067235.27,11060308,69.5
1488067236.27,11060305,69.5
1488067237.24,11060308,69.5
1488067238.26,11060305,69.5
1488067239.27,11060308,69.5
1488067240.27,11060306,69.5
1488067241.28,11060308,69.5
1488067242.27,11060306,69.5
1488067243.25,11060308,70.0
1488067244.26,11060306,70.0
1488067245.26,11060308,70.0
1488067246.25,11060306,70.0
1488067247.26,11060309,70.0
1488067248.26,11060306,70.0
1488067249.26,11060308,70.0
1488067250.27,11060307,70.0
1488067251.26,11060309,70.0
1488067252.26,11060306,70.0
1488067253.27,11060309,70.0
1488067254.27,11060307,70.0
1488067255.26,11060309,70.0
1488067256.26,11060306,70.0
1488067257.27,11060309,70.0
1488067258.27,11060307,70.0
1488067259.24,11060310,70.0
1488067260.26,11060307,70.0
1488067261.25,11060309,70.5
1488067262.26,11060307,70.5
1488067263.28,11060310,70.5
1488067264.26,11060307,70.5
1488067265.25,11060310,70.5
1488067266.26,11060307,70.5
1488067267.26,11060310,70.5
1488067268.25,11060308,70.5
1488067269.27,11060310,70.5
1488067270.26,11060307,70.5
1488067271.26,11060311,70.5
1488067272.27,11060308,70.5
1488067273.27,11060310,70.5
1488067274.26,11060308,70.5
1488067275.26,11060310,70.5
1488067276.25,11060308,70.5
1488067277.26,11060311,70.5
1488067278.26,11060308,71.0
1488067279.27,11060311,71.0
1488067280.25,11060309,71.0
1488067281.27,11060311,71.0
1488067282.26,11060308,71.0
1488067283.27,11060311,71.0
1488067284.26,11060309,71.0
1488067285.26,11060311,71.0
1488067286.26,11060309,71.0
1488067287.25,11060312,71.0
1488067288.26,11060309,71.0
1488067289.26,11060311,71.0
1488067290.27,11060310,71.0
1488067291.27,11060311,71.0
1488067292.27,11060310,71.0
1488067293.26,11060311,71.0
1488067294.27,11060310,71.0
1488067295.27,11060312,71.0
1488067296.28,11060310,71.5
1488067297.26,11060312,71.5
1488067298.25,11060310,71.5
1488067299.26,11060312,71.5
1488067300.24,11060310,71.5
1488067301.27,11060313,71.5
1488067302.29,11060310,71.5
1488067303.26,11060313,71.5
1488067304.26,11060310,71.5
1488067305.27,11060313,71.5
1488067306.27,11060311,71.5
1488067307.26,11060313,71.5
1488067308.26,11060309,71.5
1488067309.27,11060315,71.5
1488067310.26,11060311,71.5
1488067311.26,11060313,71.5
1488067312.26,11060311,71.5
1488067313.27,11060314,71.5
1488067314.27,11060311,72.0
1488067315.26,11060313,72.0
1488067316.28,11060312,72.0
1488067317.27,11060314,72.0
1488067318.26,11060311,72.0
1488067319.26,11060314,72.0
1488067320.28,11060312,72.0
1488067321.26,11060314,72.0
1488067322.26,11060312,72.0
1488067323.26,11060315,72.0
1488067324.27,11060312,72.0
1488067325.26,11060314,72.0
1488067326.26,11060312,72.0
1488067327.27,11060315,72.0
1488067328.27,11060313,72.0
1488067329.26,11060314,72.0
1488067330.26,11060313,72.0
1488067331.27,11060315,72.0
1488067332.26,11060313,72.0
1488067333.26,11060315,72.5
1488067334.25,11060313,72.5
1488067335.27,11060315,72.5
1488067336.26,11060314,72.5
1488067337.28,11060315,72.5
1488067338.27,11060313,72.5
1488067339.25,11060316,72.5
1488067340.26,11060314,72.5
1488067341.26,11060316,72.5
1488067342.27,11060313,72.5
1488067343.25,11060316,72.5
1488067344.26,11060314,72.5
1488067345.26,11060316,72.5
1488067346.27,11060313,72.5
1488067347.27,11060318,72.5
1488067348.26,11060314,72.5
1488067349.26,11060317,72.5
1488067350.27,11060314,72.5
1488067351.27,11060317,72.5
1488067352.26,11060314,72.5
1488067353.25,11060317,73.0
1488067354.27,11060315,73.0
1488067355.26,11060317,73.0
1488067356.26,11060315,73.0
1488067357.27,11060317,73.0
1488067358.27,11060315,73.0
1488067359.26,11060318,73.0
1488067360.26,11060315,73.0
1488067361.27,11060318,73.0
1488067362.27,11060315,73.0
1488067363.26,11060318,73.0
1488067364.26,11060316,73.0
1488067365.27,11060318,73.0
1488067366.27,11060315,73.0
1488067367.26,11060319,73.0
1488067368.27,11060316,73.0
1488067369.25,11060318,73.0
1488067370.28,11060316,73.0
1488067371.26,11060319,73.0
1488067372.25,11060316,73.5
1488067373.26,11060319,73.5
1488067374.28,11060316,73.5
1488067375.26,11060319,73.5
1488067376.28,11060317,73.5
1488067377.26,11060319,73.5
1488067378.26,11060317,73.5
1488067379.27,11060319,73.5
1488067380.27,11060317,73.5
1488067381.26,11060320,73.5
1488067382.26,11060317,73.5
1488067383.27,11060320,73.5
1488067384.27,11060317,73.5
1488067385.26,11060320,73.5
1488067386.26,11060318,73.5
1488067387.27,11060320,73.5
1488067388.27,11060317,73.5
1488067389.28,11060321,73.5
1488067390.27,11060318,73.5
1488067391.25,11060320,73.5
1488067392.27,11060318,74.0
1488067393.26,11060321,74.0
1488067394.27,11060318,74.0
1488067395.26,11060321,74.0
1488067396.26,11060318,74.0
1488067397.26,11060321,74.0
1488067398.27,11060319,74.0
1488067399.26,11060321,74.0
1488067400.26,11060319,74.0
1488067401.27,11060321,74.0
1488067402.27,11060320,74.0
1488067403.27,11060321,74.0
1488067404.28,11060316,74.0
1488067405.27,11060325,74.0
1488067406.27,11060320,74.0
1488067407.28,11060322,74.0
1488067408.28,11060319,74.0
1488067409.27,11060322,74.0
1488067410.26,11060320,74.0
1488067411.28,11060322,74.0
1488067412.26,11060321,74.5
1488067413.25,11060322,74.5
1488067414.26,11060320,74.5
1488067415.26,11060323,74.5
1488067416.27,11060320,74.5
1488067417.25,11060323,74.5
1488067418.27,11060321,74.5
1488067419.26,11060323,74.5
1488067420.27,11060321,74.5
1488067421.27,11060323,74.5
1488067422.28,11060321,74.5
1488067423.26,11060323,74.5
1488067424.27,11060321,74.5
1488067425.27,11060324,74.5
1488067426.28,11060321,74.5
1488067427.28,11060324,74.5
1488067428.25,11060322,74.5
1488067429.27,11060324,74.5
1488067430.26,11060322,74.5
1488067431.28,11060324,74.5
1488067432.26,11060322,75.0
1488067433.26,11060324,75.0
1488067434.26,11060322,75.0
1488067435.27,11060325,75.0
1488067436.26,11060322,75.0
1488067437.26,11060325,75.0
1488067438.27,11060322,75.0
1488067439.27,11060325,75.0
1488067440.27,11060323,75.0
1488067441.26,11060325,75.0
1488067442.27,11060323,75.0
1488067443.27,11060325,75.0
1488067444.26,11060324,75.0
1488067445.26,11060325,75.0
1488067446.27,11060323,75.0
1488067447.26,11060326,75.0
1488067448.26,11060324,75.0
1488067449.25,11060326,75.0
1488067450.27,11060323,75.0
1488067451.27,11060327,75.0
1488067452.28,11060324,75.0
1488067453.27,11060326,75.5
1488067454.27,11060324,75.5
1488067455.26,11060327,75.5
1488067456.26,11060324,75.5
1488067457.27,11060327,75.5
1488067458.27,11060325,75.5
1488067459.26,11060327,75.5
1488067460.26,11060325,75.5
1488067461.27,11060327,75.5
1488067462.27,11060325,75.5
1488067463.28,11060327,75.5
1488067464.27,11060326,75.5
1488067465.25,11060327,75.5
1488067466.27,11060326,75.5
1488067467.26,11060327,75.5
1488067468.27,11060326,75.5
1488067469.26,11060328,75.5
1488067470.26,11060326,75.5
1488067471.26,11060328,75.5
1488067472.27,11060326,75.5
1488067473.26,11060328,75.5
1488067474.26,11060327,76.0
1488067475.27,11060328,76.0
1488067476.27,11060327,76.0
1488067477.26,11060328,76.0
1488067478.26,11060327,76.0
1488067479.27,11060329,76.0
1488067480.27,11060327,76.0
1488067481.28,11060329,76.0
1488067482.28,11060327,76.0
1488067483.28,11060329,76.0
1488067484.27,11060328,76.0
1488067485.26,11060329,76.0
1488067486.28,11060328,76.0
1488067487.27,11060329,76.0
1488067488.29,11060328,76.0
1488067489.26,11060330,76.0
1488067490.27,11060328,76.0
1488067491.27,11060330,76.0
1488067492.27,11060328,76.0
1488067493.28,11060330,76.0
1488067494.27,11060329,76.0
1488067495.27,11060330,76.0
1488067496.28,11060329,76.5
1488067497.26,11060331,76.5
1488067498.27,11060328,76.5
1488067501.27,11060331,76.5
1488067501.90,11060329,76.5
1488067502.54,11060331,76.5
1488067503.18,11060329,76.5
1488067503.82,11060332,76.5
1488067504.45,11060329,76.5
1488067505.27,11060331,76.5
1488067506.26,11060330,76.5
1488067507.27,11060332,76.5
1488067508.26,11060329,76.5
1488067509.27,11060332,76.5
1488067510.27,11060330,76.5
1488067511.26,11060332,76.5
1488067512.26,11060330,76.5
1488067513.27,11060333,76.5
1488067514.27,11060330,76.5
1488067515.26,11060333,76.5
1488067516.27,11060330,76.5
1488067517.27,11060333,76.5
1488067518.27,11060331,77.0
1488067519.26,11060333,77.0
1488067520.27,11060330,77.0
1488067521.26,11060334,77.0
1488067522.28,11060331,77.0
1488067523.26,11060333,77.0
1488067524.27,11060331,77.0
1488067525.26,11060334,77.0
1488067526.28,11060331,77.0
1488067527.27,11060334,77.0
1488067528.27,11060332,77.0
1488067529.27,11060334,77.0
1488067530.26,11060332,77.0
1488067531.27,11060334,77.0
1488067532.27,11060332,77.0
1488067533.27,11060334,77.0
1488067534.26,11060333,77.0
1488067535.27,11060334,77.0
1488067538.26,11060333,77.0
1488067538.90,11060334,77.0
1488067539.54,11060333,77.0
1488067540.18,11060335,77.0
1488067540.82,11060333,77.0
1488067541.45,11060335,77.5
1488067542.27,11060333,77.5
1488067543.25,11060335,77.5
1488067544.27,11060334,77.5
1488067545.26,11060335,77.5
1488067546.28,11060334,77.5
1488067547.27,11060335,77.5
1488067548.26,11060334,77.5
1488067549.26,11060336,77.5
1488067550.27,11060334,77.5
1488067551.27,11060336,77.5
1488067552.26,11060334,77.5
1488067553.27,11060336,77.5
1488067554.27,11060335,77.5
1488067555.27,11060336,77.5
1488067556.28,11060335,77.5
1488067557.25,11060336,77.5
1488067558.27,11060335,77.5
1488067559.26,11060337,77.5
1488067560.28,11060335,77.5
1488067561.27,11060337,77.5
1488067562.26,11060335,77.5
1488067563.26,11060337,77.5
1488067564.27,11060335,77.5
1488067565.27,11060338,78.0
1488067566.26,11060336,78.0
1488067567.26,11060337,78.0
1488067568.27,11060336,78.0
1488067569.27,11060338,78.0
1488067570.26,11060336,78.0
1488067571.28,11060338,78.0
1488067572.27,11060336,78.0
1488067573.27,11060338,78.0
1488067574.28,11060337,78.0
1488067575.26,11060338,78.0
1488067576.29,11060337,78.0
1488067577.27,11060339,78.0
1488067578.26,11060336,78.0
1488067579.28,11060339,78.0
1488067580.27,11060337,78.0
1488067581.26,11060339,78.0
1488067582.26,11060337,78.0
1488067583.27,11060340,78.0
1488067584.27,11060337,78.0
1488067585.28,11060340,78.0
1488067586.26,11060337,78.0
1488067587.27,11060340,78.0
1488067588.27,11060338,78.5
1488067589.28,11060340,78.5
1488067590.27,11060338,78.5
1488067591.27,11060340,78.5
1488067592.27,11060338,78.5
1488067593.28,11060341,78.5
1488067594.27,11060338,78.5
1488067595.27,11060341,78.5
1488067596.28,11060338,78.5
1488067597.28,11060341,78.5
1488067598.27,11060339,78.5
1488067599.27,11060341,78.5
1488067600.26,11060339,78.5
1488067601.27,11060341,78.5
1488067602.27,11060339,78.5
1488067603.27,11060342,78.5
1488067604.28,11060339,78.5
1488067605.27,11060342,78.5
1488067606.27,11060339,78.5
1488067607.27,11060342,78.5
1488067608.28,11060340,78.5
1488067609.27,11060342,78.5
1488067610.27,11060340,78.5
1488067611.28,11060342,78.5
1488067612.28,11060340,78.5
1488067613.28,11060343,79.0
1488067614.27,11060340,79.0
1488067615.26,11060343,79.0
1488067616.28,11060340,79.0
1488067617.27,11060343,79.0
1488067618.26,11060341,79.0
1488067619.28,11060343,79.0
1488067620.27,11060341,79.0
1488067621.26,11060344,79.0
1488067622.28,11060341,79.0
1488067623.26,11060344,79.0
1488067624.27,11060341,79.0
1488067625.27,11060344,79.0
1488067626.28,11060341,79.0
1488067627.27,11060344,79.0
1488067628.27,11060342,79.0
1488067629.27,11060344,79.0
1488067630.28,11060342,79.0
1488067631.28,11060345,79.0
1488067632.27,11060342,79.0
1488067633.28,11060345,79.0
1488067634.28,11060342,79.0
1488067635.28,11060345,79.0
1488067636.27,11060342,79.0
1488067637.26,11060345,79.5
1488067638.28,11060343,79.5
1488067639.27,11060344,79.5
1488067640.27,11060345,79.5
1488067641.28,11060345,79.5
1488067642.27,11060343,79.5
1488067643.27,11060346,79.5
1488067644.27,11060343,79.5
1488067645.26,11060346,79.5
1488067646.27,11060344,79.5
1488067647.27,11060346,79.5
1488067648.28,11060344,79.5
1488067649.26,11060346,79.5
1488067650.29,11060344,79.5
1488067651.27,11060347,79.5
1488067652.26,11060344,79.5
1488067653.28,11060347,79.5
1488067654.27,11060345,79.5
1488067655.26,11060346,79.5
1488067656.26,11060345,79.5
1488067657.27,11060347,79.5
1488067658.27,11060345,79.5
1488067659.28,11060348,79.5
1488067660.26,11060345,79.5
1488067661.27,11060347,79.5
1488067662.27,11060346,80.0
1488067663.28,11060348,80.0
1488067664.27,11060345,80.0
1488067665.29,11060348,80.0
1488067666.27,11060346,80.0
1488067667.28,11060348,80.0
1488067668.28,11060346,80.0
1488067669.27,11060349,80.0
1488067670.28,11060346,80.0
1488067671.28,11060348,80.0
1488067672.28,11060347,80.0
1488067673.27,11060349,80.0
1488067674.28,11060346,80.0
1488067675.26,11060349,80.0
1488067676.27,11060347,80.0
1488067677.27,11060349,80.0
1488067678.28,11060348,80.0
1488067679.27,11060349,80.0
1488067680.27,11060347,80.0
1488067681.27,11060350,80.0
1488067682.28,11060347,80.0
1488067683.27,11060350,80.0
1488067684.27,11060348,80.0
1488067685.28,11060350,80.0
1488067686.28,11060348,80.0
1488067687.27,11060350,80.0
1488067688.29,11060349,80.5
1488067689.28,11060350,80.5
1488067690.28,11060348,80.5
1488067691.27,11060351,80.5
1488067692.26,11060349,80.5
1488067693.26,11060351,80.5
1488067694.27,11060348,80.5
1488067695.29,11060352,80.5
1488067696.28,11060349,80.5
1488067697.28,11060351,80.5
1488067698.27,11060349,80.5
1488067701.26,11060352,80.5
1488067701.90,11060349,80.5
1488067702.54,11060352,80.5
1488067703.18,11060350,80.5
1488067703.82,11060352,80.5
1488067704.45,11060350,80.5
1488067705.28,11060352,80.5
1488067706.29,11060350,80.5
1488067707.27,11060352,80.5
1488067708.28,11060350,80.5
1488067709.28,11060353,80.5
1488067710.29,11060351,80.5
1488067711.26,11060352,80.5
1488067712.28,11060351,80.5
1488067713.27,11060353,80.5
1488067714.29,11060351,81.0
1488067715.28,11060353,81.0
1488067716.28,11060350,81.0
1488067717.27,11060355,81.0
1488067718.27,11060351,81.0
1488067719.28,11060354,81.0
1488067720.28,11060352,81.0
1488067721.27,11060354,81.0
1488067722.27,11060351,81.0
1488067723.28,11060354,81.0
1488067724.27,11060352,81.0
1488067725.27,11060355,81.0
1488067726.26,11060352,81.0
1488067727.28,11060354,81.0
1488067728.27,11060353,81.0
1488067729.29,11060355,81.0
1488067730.28,11060352,81.0
1488067731.27,11060355,81.0
1488067732.29,11060353,81.0
1488067733.26,11060355,81.0
1488067734.26,11060353,81.0
1488067735.27,11060356,81.0
1488067736.27,11060353,81.0
1488067737.28,11060356,81.0
1488067738.28,11060353,81.0
1488067739.27,11060356,81.0
1488067740.27,11060354,81.5
1488067741.28,11060356,81.5
1488067742.28,11060354,81.5
1488067743.27,11060356,81.5
1488067744.27,11060354,81.5
1488067745.28,11060356,81.5
1488067746.27,11060355,81.5
1488067747.29,11060357,81.5
1488067748.28,11060354,81.5
1488067749.26,11060357,81.5
1488067750.27,11060355,81.5
1488067751.27,11060357,81.5
1488067752.26,11060355,81.5
1488067753.28,11060357,81.5
1488067754.27,11060356,81.5
1488067755.27,11060357,81.5
1488067756.28,11060356,81.5
1488067757.28,11060357,81.5
1488067758.27,11060356,81.5
1488067759.28,11060358,81.5
1488067760.28,11060356,81.5
1488067761.28,11060358,81.5
1488067762.27,11060356,81.5
1488067763.28,11060358,81.5
1488067764.28,11060357,81.5
1488067765.29,11060358,81.5
1488067766.26,11060357,81.5
1488067767.28,11060359,81.5
1488067768.27,11060356,81.5
1488067769.29,11060359,82.0
1488067770.27,11060357,82.0
1488067771.28,11060360,82.0
1488067772.28,11060357,82.0
1488067773.27,11060359,82.0
1488067774.28,11060358,82.0
1488067775.28,11060359,82.0
1488067776.27,11060358,82.0
1488067777.29,11060360,82.0
1488067778.28,11060358,82.0
1488067779.28,11060360,82.0
1488067780.29,11060358,82.0
1488067781.27,11060360,82.0
1488067782.28,11060358,82.0
1488067783.27,11060361,82.0
1488067784.26,11060358,82.0
1488067785.28,11060361,82.0
1488067786.26,11060359,82.0
1488067787.28,11060361,82.0
1488067788.27,11060359,82.0
1488067789.29,11060361,82.0
1488067790.28,11060359,82.0
1488067791.27,11060362,82.0
1488067792.27,11060359,82.0
1488067793.26,11060361,82.0
1488067794.28,11060360,82.0
1488067795.27,11060362,82.0
1488067796.28,11060360,82.0
1488067797.28,11060362,82.0
1488067798.28,11060360,82.5
1488067799.29,11060362,82.5
1488067800.28,11060360,82.5
1488067801.26,11060363,82.5
1488067802.29,11060360,82.5
1488067803.27,11060363,82.5
1488067804.26,11060361,82.5
1488067805.28,11060363,82.5
1488067806.27,11060360,82.5
1488067807.28,11060364,82.5
1488067808.26,11060361,82.5
1488067809.27,11060363,82.5
1488067810.27,11060361,82.5
1488067811.28,11060364,82.5
1488067812.28,11060362,82.5
1488067813.27,11060363,82.5
1488067814.27,11060362,82.5
1488067815.28,11060364,82.5
1488067816.28,11060362,82.5
1488067817.27,11060364,82.5
1488067818.27,11060362,82.5
1488067819.26,11060365,82.5
1488067820.28,11060362,82.5
1488067821.27,11060365,82.5
1488067822.29,11060362,82.5
1488067823.28,11060365,82.5
1488067824.27,11060363,82.5
1488067825.29,11060365,82.5
1488067826.28,11060363,82.5
1488067827.28,11060366,82.5
1488067828.27,11060363,82.5
1488067829.27,11060365,83.0
1488067830.28,11060364,83.0
1488067831.28,11060366,83.0
1488067832.27,11060363,83.0
1488067833.27,11060366,83.0
1488067834.28,11060364,83.0
1488067835.28,11060367,83.0
1488067836.29,11060364,83.0
1488067837.26,11060366,83.0
1488067838.28,11060365,83.0
1488067839.27,11060366,83.0
1488067840.29,11060365,83.0
1488067841.28,11060367,83.0
1488067842.27,11060364,83.0
1488067843.29,11060368,83.0
1488067844.27,11060365,83.0
1488067845.28,11060367,83.0
1488067846.28,11060365,83.0
1488067847.27,11060368,83.0
1488067848.28,11060365,83.0
1488067849.28,11060368,83.0
1488067850.28,11060365,83.0
1488067851.27,11060368,83.0
1488067852.28,11060366,83.0
1488067853.28,11060369,83.0
1488067854.29,11060366,83.0
1488067855.27,11060368,83.0
1488067856.28,11060366,83.0
1488067857.28,11060369,83.0
1488067858.29,11060366,83.0
1488067859.29,11060369,83.0
1488067860.28,11060367,83.5
1488067861.27,11060369,83.5
1488067862.29,11060367,83.5
1488067863.28,11060369,83.5
1488067864.28,11060367,83.5
1488067865.27,11060370,83.5
1488067866.27,11060367,83.5
1488067867.28,11060370,83.5
1488067868.28,11060368,83.5
1488067869.27,11060370,83.5
1488067870.27,11060367,83.5
1488067871.28,11060371,83.5
1488067872.28,11060368,83.5
1488067873.29,11060370,83.5
1488067874.28,11060368,83.5
1488067875.28,11060371,83.5
1488067876.27,11060368,83.5
1488067877.29,11060371,83.5
1488067878.28,11060369,83.5
1488067879.27,11060371,83.5
1488067880.29,11060369,83.5
1488067881.27,11060371,83.5
1488067882.28,11060369,83.5
1488067883.28,11060371,83.5
1488067884.27,11060370,83.5
1488067885.28,11060371,83.5
1488067886.28,11060370,83.5
1488067887.28,11060372,83.5
1488067888.27,11060370,83.5
1488067889.28,11060372,83.5
1488067890.28,11060370,83.5
1488067891.29,11060372,83.5
1488067892.27,11060370,84.0
1488067893.28,11060373,84.0
1488067894.28,11060370,84.0
1488067895.29,11060373,84.0
1488067896.29,11060371,84.0
1488067897.29,11060373,84.0
1488067898.28,11060371,84.0
1488067899.27,11060373,84.0
1488067900.28,11060371,84.0
1488067901.26,11060373,84.0
1488067902.28,11060340,84.0
1488067903.27,11060405,84.0
1488067904.28,11060372,84.0
1488067905.27,11060374,84.0
1488067906.29,11060371,84.0
1488067907.27,11060374,84.0
1488067908.28,11060372,84.0
1488067909.28,11060374,84.0
1488067910.29,11060373,84.0
1488067911.28,11060374,84.0
1488067912.28,11060373,84.0
1488067913.27,11060374,84.0
1488067914.29,11060373,84.0
1488067915.28,11060375,84.0
1488067916.27,11060373,84.0
1488067917.29,11060375,84.0
1488067918.27,11060373,84.0
1488067919.29,11060375,84.0
1488067920.28,11060374,84.0
1488067921.27,11060375,84.0
1488067922.28,11060374,84.0
1488067923.28,11060375,84.0
1488067924.28,11060374,84.5
1488067925.27,11060376,84.5
1488067926.28,11060374,84.5
1488067927.28,11060376,84.5
1488067928.28,11060375,84.5
1488067929.29,11060376,84.5
1488067930.28,11060374,84.5
1488067931.28,11060377,84.5
1488067932.27,11060375,84.5
1488067933.29,11060376,84.5
1488067934.28,11060375,84.5
1488067935.27,11060377,84.5
1488067936.29,11060375,84.5
1488067937.28,11060378,84.5
1488067938.30,11060375,84.5
1488067939.28,11060378,84.5
1488067940.27,11060375,84.5
1488067941.28,11060378,84.5
1488067942.28,11060376,84.5
1488067943.29,11060378,84.5
1488067944.27,11060376,84.5
1488067945.28,11060378,84.5
1488067946.28,11060376,84.5
1488067947.29,11060378,84.5
1488067948.28,11060377,84.5
1488067949.28,11060379,84.5
1488067950.28,11060376,84.5
1488067951.27,11060379,84.5
1488067952.29,11060377,84.5
1488067953.28,11060379,84.5
1488067954.28,11060377,84.5
1488067955.27,11060379,84.5
1488067956.29,11060378,84.5
1488067957.28,11060379,85.0
1488067958.27,11060378,85.0
1488067959.27,11060379,85.0
1488067960.28,11060378,85.0
1488067961.28,11060380,85.0
1488067962.29,11060378,85.0
1488067963.28,11060380,85.0
1488067964.28,11060378,85.0
1488067965.28,11060381,85.0
1488067966.29,11060378,85.0
1488067967.29,11060381,85.0
1488067968.28,11060378,85.0
1488067969.29,11060381,85.0
1488067970.29,11060379,85.0
1488067971.28,11060381,85.0
1488067972.28,11060379,85.0
1488067973.27,11060381,85.0
1488067974.29,11060379,85.0
1488067975.28,11060382,85.0
1488067976.27,11060379,85.0
1488067977.27,11060382,85.0
1488067978.28,11060368,85.0
1488067979.28,11060393,85.0
1488067980.29,11060380,85.0
1488067981.27,11060383,85.0
1488067982.28,11060380,85.0
1488067983.28,11060382,85.0
1488067984.29,11060380,85.0
1488067985.29,11060383,85.0
1488067986.28,11060380,85.0
1488067987.28,11060383,85.0
1488067988.29,11060381,85.0
1488067989.28,11060383,85.0
1488067990.28,11060381,85.0
1488067991.28,11060383,85.0
1488067992.27,11060381,85.0
1488067993.29,11060384,85.5
1488067994.28,11060381,85.5
1488067995.27,11060384,85.5
1488067996.27,11060381,85.5
1488067997.28,11060384,85.5
1488067998.28,11060382,85.5
1488067999.29,11060384,85.5
1488068000.28,11060382,85.5
1488068001.28,11060384,85.5
1488068002.28,11060383,85.5
1488068003.29,11060384,85.5
1488068004.28,11060383,85.5
1488068005.28,11060384,85.5
1488068006.29,11060383,85.5
1488068007.29,11060385,85.5
1488068008.29,11060383,85.5
1488068009.27,11060385,85.5
1488068010.29,11060383,85.5
1488068011.28,11060384,85.5
1488068012.28,11060385,85.5
1488068013.28,11060385,85.5
1488068014.27,11060384,85.5
1488068015.28,11060386,85.5
1488068016.28,11060383,85.5
1488068017.29,11060386,85.5
1488068018.27,11060384,85.5
1488068019.28,11060387,85.5
1488068020.28,11060384,85.5
1488068021.29,11060386,85.5
1488068022.29,11060385,85.5
1488068023.28,11060386,85.5
1488068024.28,11060385,85.5
1488068025.27,11060387,85.5
1488068026.29,11060385,85.5
1488068027.30,11060387,85.5
1488068028.27,11060385,86.0
1488068029.27,11060387,86.0
1488068030.29,11060385,85.5
1488068031.28,11060388,86.0
1488068032.27,11060385,86.0
1488068033.27,11060388,86.0
1488068034.28,11060386,86.0
1488068035.28,11060388,86.0
1488068036.29,11060386,86.0
1488068037.28,11060388,86.0
1488068038.28,11060386,86.0
1488068039.28,11060389,86.0
1488068040.29,11060386,86.0
1488068041.28,11060389,86.0
1488068042.30,11060387,86.0
1488068043.29,11060388,86.0
1488068044.29,11060387,86.0
1488068045.28,11060389,86.0
1488068046.27,11060387,86.0
1488068047.29,11060390,86.0
1488068048.28,11060387,86.0
1488068049.28,11060390,86.0
1488068050.27,11060387,86.0
1488068051.27,11060390,86.0
1488068052.28,11060387,86.0
1488068053.28,11060390,86.0
1488068054.29,11060388,86.0
1488068055.29,11060390,86.0
1488068056.28,11060388,86.0
1488068057.28,11060391,86.0
1488068058.29,11060388,86.0
1488068059.29,11060391,86.0
1488068060.28,11060388,86.0
1488068061.28,11060391,86.0
1488068062.27,11060389,86.0
1488068063.29,11060391,86.0
1488068064.30,11060389,86.0
1488068065.27,11060391,86.0
1488068066.29,11060389,86.0
1488068067.29,11060392,86.5
1488068068.28,11060389,86.5
1488068069.30,11060391,86.5
1488068070.29,11060390,86.5
1488068071.28,11060392,86.5
1488068072.28,11060390,86.5
1488068073.29,11060392,86.5
1488068074.28,11060390,86.5
1488068075.28,11060392,86.5
1488068076.28,11060390,86.5
1488068077.29,11060392,86.5
1488068078.29,11060391,86.5
1488068079.28,11060392,86.5
1488068080.29,11060391,86.5
1488068081.29,11060393,86.5
1488068082.29,11060391,86.5
1488068083.28,11060393,86.5
1488068084.27,11060391,86.5
1488068085.29,11060393,86.5
1488068086.28,11060391,86.5
1488068087.30,11060394,86.5
1488068088.29,11060391,86.5
1488068089.28,11060394,86.5
1488068090.28,11060392,86.5
1488068091.28,11060393,86.5
1488068092.29,11060392,86.5
1488068093.28,11060394,86.5
1488068094.28,11060392,86.5
1488068095.29,11060395,86.5
1488068096.29,11060392,86.5
1488068097.28,11060395,86.5
1488068098.28,11060392,86.5
1488068099.29,11060395,86.5
1488068100.28,11060392,86.5
1488068101.30,11060395,86.5
1488068102.28,11060393,86.5
1488068103.29,11060395,86.5
1488068104.28,11060393,86.5
1488068105.30,11060396,86.5
1488068106.29,11060393,86.5
1488068107.27,11060396,87.0
1488068108.28,11060393,87.0
1488068109.30,11060396,87.0
1488068110.29,11060394,87.0
1488068111.28,11060396,87.0
1488068112.28,11060393,87.0
1488068113.28,11060397,87.0
1488068114.29,11060394,87.0
1488068115.29,11060396,87.0
1488068116.28,11060394,87.0
1488068117.29,11060397,87.0
1488068118.29,11060394,87.0
1488068119.29,11060397,87.0
1488068120.30,11060395,87.0
1488068121.29,11060397,87.0
1488068122.28,11060395,87.0
1488068123.28,11060397,87.0
1488068124.30,11060395,87.0
1488068125.29,11060397,87.0
1488068126.28,11060396,87.0
1488068127.28,11060397,87.0
1488068128.28,11060396,87.0
1488068129.29,11060398,87.0
1488068130.29,11060395,87.0
1488068131.28,11060399,87.0
1488068132.29,11060395,87.0
1488068133.29,11060399,87.0
1488068134.29,11060396,87.0
1488068135.28,11060398,87.0
1488068136.29,11060397,87.0
1488068137.29,11060398,87.0
1488068138.30,11060397,87.0
1488068139.30,11060399,87.0
1488068140.29,11060397,87.0
1488068141.28,11060399,87.0
1488068142.30,11060397,87.0
1488068143.29,11060399,87.0
1488068144.27,11060397,87.0
1488068145.28,11060400,87.0
1488068146.28,11060397,87.0
1488068147.29,11060400,87.5
1488068148.28,11060397,87.5
1488068149.28,11060400,87.5
1488068150.28,11060398,87.5
1488068151.29,11060400,87.5
1488068152.29,11060398,87.5
1488068153.28,11060400,87.5
1488068154.29,11060398,87.5
1488068155.29,11060401,87.5
1488068156.29,11060398,87.5
1488068157.28,11060401,87.5
1488068158.29,11060399,87.5
1488068159.28,11060400,87.5
